context,comment
"주말부부하고 있어요.

평일은 24시간 독박육아 중인데 밤되면 너무 외롭고 힘들어요.

물론 낮에도 마찬가지지만 낮에는 아기 케어하고 아기잘때 그냥 옆에서 자기도 해서 시간이 빨리 가기도 하더라구요.

​

밤되면 적막감이 흘러서 너무 외롭고.

남편이 퇴근후에 와서 아기랑 놀아주고 목욕 같이 시키고 하루의 일과에 대해서 조잘조잘 대화하고

아기 자면 맛난것도 먹고 하는 평범한 일상이 너무 부러워요.

​

당장 주말부부를 해결할 방법이 없어서 그냥 꿋꿋히 참아내보고 있는데 남편도 너무 보고싶고

갑자기 모든게 버거워서 눈물이 나네요ㅠㅠ

​

너무 자주 우는것 같아 남편한테 들키지 않을려고 엄청 노력중인데.. 아기를 보는게 버거워 지려고 하는것 같아요

우울증이 오진 않겟죠ㅠㅠ

​

24시간 독박육아 하시는분들 멘탈 어떻게 잡고 계신가요..","저는 남편이 2주에 한번 토요일만 있다가 가여ㅠㅠ
어쩔수없는 일에는 스트레스를 안받으려고 노력해요!
생각했을때 저한테 물어요 너가 바꿀수있는일이야?
어떻게 할수 있는 일이야?
결국 두가지 질문이 더라구여!
어떻게 할수없는일은 받아드리려구 노력해요ㅠㅠ!
남편이 일하구~육아 혼자 간섭없이 할수있구나!!!
주말에 많이 사랑하는삶 평일은 아기에게 집중하는삶!!
외롭다하지마시구 육퇴하시구 우아~오늘도 나고생했당♡ 상도주고 뿌듯해하는 시간가지시길♡♡ 행복하세용"
"첫째때는 이정도로 태동이 심하진않았는데..

둘째는 하루종일 움직여서 정말 미칠것같아요

막달이라 새벽에 잠도 잘못자는데

헉 소리나오게 움직이니 진짜 너무 미운감정만들고

타지와서 친정엄마도 멀리있고 

걱정만앞서고 둘째를 이뻐할자신이없어요..

가뜩이나 첫째보면서 배불러오는게 쉬운일이아니더라고요

이런저 진짜 못된엄마같은데 일단 제몸이 힘드니

정말 급 눈물나고 너무너무 힘드네요....

지금 첫째가 돌지나서 넘이쁜데 그냥 첫째한테만 미안한감정들고 뱃속아기한테는 화만나요 ㅠㅠㅠ

하ㅜㅠㅠㅠㅠㅠㅠ 호르몬때문이려니ㅜ싶을까요 나중엔..",호르몬때문에 그럴거에요~ 연년생키우고 있고 셋째임신34주인데 둘째 너무너무 이뻐요(백일까지는 넘 힘들어서 이쁜거 몰랐어욬ㅋㅋㅋ) 저도 양가 도움 받을곳 없고 남편도 늦게 와서 풀독박이라 맘님 지금 걱정되는 마음 너무 이해되요ㅜㅜㅜ저도 그랬었으니까요ㅜㅜ 그래도 시간이 지나면서 조금씩 나아지는거같아요. 항상 화이팅하시구 너무 힘들면 짐싸들고 친정 가구 하셔요! 그래도 내가 힘들때 친정엄마밖에 없더라구요
"최근들어 애기랑 둘이 있으면 막 그렇게 힘들거나 하지는 않는데 밤잠을 제대로 못 자서 그런지 항상 피곤하고 무력감이 좀 심한 편이었어요

​

근데 요즘들어 아기랑 둘이있으면 남편이나 친정엄마한테 카톡하다가 짜증이 나고 화가 너무 쉽게 나는데 같이 있으면 그게 언제 그랬냐는 듯이 괜찮아져요

​

근데 방금은 좀 무력감이 들면서 기분이 쳐져서 누워서 좀 쉬면서 인스타 보는데 주변인이 누군가를 챙겨주는 것을 보고 울컥하더니 우울해지면서 눈물이 막 날거 같은 걸 참다가 친구한테 카톡으로 이야기하니까 친구가 가까이 살면 상담 한번 받으러 끌고 가는건데 라는 말에 눈물이 왈칵나네요ㅜ

​

제가 느끼기에도 요새 이상하다 생각해서 산후우울증 자가진단도 해봤는데 당장 상담 받으러 가라고 하는 결과가 나왔는데 뭔가 그정도는 아닌거 같고 잘 모르겠어서 그냥 넘겼는데 산후우울증 맞을까요?ㅠㅠ
[출처] 이거 산후우울증인가요? ( 맘스홀릭 베이비 (330만 엄마들의 임신, 육아 지식in 카페)) | 작성자 르노르노","저도 그랬어요! 친구들이랑 통화라도 하면 괜찮고 둘이있음 우울하고 밥도먹기싫고ㅜㅜㅜㅜㅜ
애기랑 조금 떨어지는시간도 필요한것같더라고요
정말 좋은 친구분을 두셨네요.. 본인 상태는 제3자가 더 잘 아는 경우가 있죠.. 검사를 해도 상담이 급급하다고 하시니 그동안 많이 힘드셨겠어요.. 상담 잘 받으시고 행복한 육아 하셔야죠!!"
조리원 첫날..신랑 가는 모습에 울고.. 그담부터 잘지냈어요..오늘 조리원 4일차인데 초유가 늦게나와 유축시작했어요…어차피 완모 할생각은 없었는데 초유라도 잘먹이고 싶었는데.. ㅠㅠ 잘 나오지도 않고 유축기 사용하다가 유두가 다 갈라지고..현타오네요 ㅠㅠ 눈물도 줄줄 내가 뭐하는건가 다른 엄마들은 잘하는거 같은데 나는 모유도 안나오고.. 제왕절개 10일차인데 아직도 너무 아파서 타이레놀 먹고 버텨요.. 수술부위가 어찌나 따가운지 작열감에.. 가슴도 아프고 배도 아프고 눈물나고 서럽고 이럴거면 애 왜 낳았나 싶고.. 이 시간에 혼자 조리원 방에서 울고 있네요..휴 그냥 낼부터 단유 할까봐요..그럼 좀 나으려나..,"너무 힘드시면 단유하는것도 맞는거죠. 집에가서 또 아기 봐야하니까요. 이쁜아기 또 봐야하잖아요. 힘내세요!! 아유, 갈라지고 아프고 진짜 얼마나 속상하실까... 푹 쉬는게 우선이니 맘쓰지말고 아기는 쑥쑥 잘크고 귀엽게 잘~~~클거니 걱정마시고^^ 누워잇을 수 잇을때 많~~~~이
누워있으세요^^ 화이팅^^"
"아이는 너무 귀여운데..제가 매일 울고있네요. 

산후도우미 쓰고있는데..3주면 끝이고.

친정, 시댁 다 멀리있고 연세가 있으셔서 도움받지 못하는 상황이에요..

​

남편은 저 챙겨주려하고 자상한데..제가 매일 울어요. 이런 사람이 아닌데..그냥 너무 불안하고 아기 어떻게 키우나싶고..제왕 통증에다가 수유하느라 밤에 잠을 못자니 멘탈이 깨져요ㅜㅜ 나아질까요?","에고. .저도 나이가있어 공감이됩니다.
노산 너무 힘들더라구요.
산후보약 꼭드시고 산후도우미 가능하면
100일까지쓰시고 몸조리 꼭 꼭 잘하셔요"
"날씨는 점점 좋아지는데 

제 마음은 시베리야라서 그냥 한 번 털어놔봐요.

힘내라는 말이 가장 힘이 안난다는걸 요즘 느끼면서 

힘내라는 말 대신 

오늘 하루 잘 넘겨보자 응원하고 싶습니다!","저도 '하루살이'처럼 하루만 잘 살아보자 싶습니다...
남편까지 마음에 들지 않고, 마음이 왜 이러는지 모르겠어요. 정말."
"오늘도새벽4시에깨서 울고불고..

산후우울증때문에 약도먹었는데 복직하면서 좋아져서 나은줄 알았더니 아니었나봅니다

오늘도 멘탈 날라가서 죽고싶은 생각만들고 낼 출근해야 하는데 잠도 못자겠고 눈물만 나고...

이런데 남편은 둘째갖자고하고...

결혼전으로 돌아가고싶고 그게안되니 현실도피하고싶고

그냥 죽으면 이 모든 고생이 끝날것같아서 죽고싶은데

그럴용기는 없고...남들다 키우는애 나는 왜이리 힘들어하나

내가 그릇이 좁고 게을러서 그런가 자책하다가 더우울해지네요

저땜에 주변인들도 힘들어지게 만드는것 같아서 이럴거면

그냥 죽는게 낫지않나 싶고...

편히 죽을수 있는 방법있으면 그러고싶네요

인생이 암울합니다....",남편이랑 요일 정확히 정해서 새벽담당정하세요. 일주일에 딱 3일이라도 안깨고 푹자고나면 정신도 마음도 지금보다는 나아질꺼에요^^ 그리고 마그네슘 드시는것도 추천해봐요. 불면증이나 생리전증후군이나 우울한 기분이 좀 완화된다해서 먹기시작했는데 저는 좀 괜찮은거 같아요.
"28개월...

애낳고 지금까지 행복했던적 꼽으라면 열손가락안에 들까요... 365일중에 360일은 화나고 짜증나고 우울하고..

행복했던기억이 없어요.. 

애가 28개월인데도 산후우울증인 분들 있나요?

그냥 제가 이상한거겠죠? 엄마 자격없는..

애때문에 우울증와서 먹는걸로 풀다보니 살만찌고 제 인생 다 망가지고..남편이랑 허구헌날 싸우고..

이것도 핑계겠죠..ㅎ 

독박육아 힘들어도 잘만 지내고 잘 살고 애한테 사랑듬뿍주는 엄마들 많을텐데...

그냥 제가 모자란거겠죠?ㅎ","부정적인 마음이 너무 쌓이면 자신도 통제하기 힘들게 불쑥 올라오는때가 있어요 글쓴이 맘님도 통제가 안되는 생각이 드실때가 있어서 본인도 놀라시는 것 같아요
내가 잘못이라고 생각하는 사람들 치고 그 사람이 잘못된 사람은 없다고 생각해요. 그 생각 자체가 이미 충분히 엄마로서의 자격이 있는 걸 반증하는 거 아닐까요. 가까운 정신과나 상담치료를 받기를 권장드립니다. 아이를 위해서가 아니라, 나를 위해서요. 맘카페 오셔서 글도 남기고 소통하시려고 하는 시도 자체가 이미 나아지는 과정이라고 생각합니다. 괜찮아요. 님만 그런 게 아니에요. 모두가 힘든데 그게 조금씩 다르게 찾아오고 있을 뿐인걸요."
"복직때문에 9개월부터 어린이집 다니는데..

많이 힘들었을텐데 적응 잘해준 우리딸..

오늘 남편 야근이라 혼자 씻기고 재우고 하는데

너무 힘들어서 짜증내고 큰소리냈어요..

울었던 모습이 생각나서

자는거 보고있으니 미안해서 눈물이나요..

힘들다고 감정조절하나못하고

아기한테 푸는 엄마라니..

부족한 엄마라 너무 미안하네요..","아이에게 미안한 마음을 가지고 있다는거 하나만으로도 훌륭한 엄마인걸요❤️
엄마도 엄마가 처음인지라.. 모든게 서툴고 힘들고 해도 애가 뭔지.. 자는 애 얼굴만 보면 미안하고.. 지금 그러시죠?🥲 내일되면 아이는 어제 그 일을 다 까맣게 잊을거예요. 내일 주말이니까 신나게 우리 육아해요💕"
"남편과는 싸우는 일도 거의 없이 정말 알콩달콩 잘 지냈어요.

전세이지만 신축 새 아파트에서 음식도 많이 해먹고 좋은 추억도 많이 쌓았어요.

저는 남편이 이 세상 1순위일만큼.. 배우자와 사이는 좋네요.

​

근데 최근 아기 태어날 것에 대비해 휴직을 좀 일찍하고 이사를 했는데 좀 낯설고 이전 집보다 많이 낡아서 집 문제로 스트레스를 많이 받았어요. 사실 지금 다시 다른 곳으로 이사가는 것도 알아보고 있구요.

​

오늘은 어머님 도움 받아 아기 젖병 소독하고 물려받은 장난감 닦고 남편이랑 저녁 먹으려고 기다리는데 남편이 늦는다더라구요. 

저 혼자 냉장고에 있는 반찬으로 밥 꺼내 먹으려는데 갑자기 눈물이 터져서 엉엉 울었네요.

남편과의 신혼생활이 너무 그립고 그 행복한 순간을 함께했던 예전 우리집도 너무 그립구요..

우는 와중에도 우리 쌍둥이들 막 뱃속에서 움직이는데 너무 미안하더라구요.

이 작은 아이들 지켜줘야할 엄마가 이런 생각이나 하고 있고...

​

분명 신혼 충분히 즐기고 너무 간절히 원해서 가진 아기들인데 막상 저는 왜 남편과 둘이 보냈던 시간들을 그리워하고 있는걸까요. 

집 문제까지 겹쳐지니..심란하고 속상하네요.",넘 사랑스러워요!! 지금 호르몬 때문에 더 마음이 싱숭생숭하실거에요! 저는 이렇게 게으른 내가 아기를 잘 키울 수 있을까 했는데.. 사랑이 있으니 뭐든 하게 되네요! 힘내세요^^
"아기낳고싶어서 준비하고 아기가생겼을땐 너무기뻐서 얼른봤음좋겠다 했는데..

66일차아기..요새는아기가 안예뻐요 아기가 밤에 잠을못자니 저도 짜증나고 낮에는 잘자는데 밤에는 왜케 쪽잠자는지에 의문이고 강박증도있는거같아요 아기가 제시간에 안자면 화가나더라구요 잠들었다싶으면 20분만에깨니 힘들더라구요

수면교육하고 낮잠많이자는거같아 제한도해보고 푹재워보기도하고... 기저귀갈아도울고 옷입혀도우는 아이울음소리..다른집애들은 같은 연령대에 11시간씩 이젠 잔다는데 우리애는 왜그럴까..38주에 낳아서그런가..

아니면 진짜 원숭이띠랑 토끼띠는 안맞는다는데 그거때문인가싶으며 온갖 생각다하네요..

매일들으니 이제는 노이로제걸린거같아요 환청도들리고

오늘도 아기가 기저귀갈면서울길래 홧김에 소리지르고 너 진짜 못키우겠담서 화내며 울었네요.. 점점 아기가 안예쁜데 어쩌죠

억지로 웃고있는 제 모습이 너무 서글프고 아기깰까 다른방에서 밥먹는 제 모습도 초라하고..임신전이 그립네요..",그럴 때 많아요~ 저희 애도 유난스러워서 전 정말 의무감으로 키웠어요 ㅠㅠㅠㅠ 낳은 애니까 잘 키워줘야죠...서로 정들고 맞춰지고 하다보면 괜찮아져요. 성인들끼리도 만난지 66일 된 사람이랑 척척 맞고 그러진 않잖아요? 지금 너무 힘드실텐데 최대한 도움 받으실만큼 받으시고 맛있는 거라도 시켜드시고 하시면서 힘내세요 ㅠㅠ
"너무 칭얼거려서 1시간째 안고 서성이다가

팔이 떨어질거같아서 정말 잠깐 내렸는데

떠나가라 울길래

아가한테 화낸 거 같아요...

​

다시 안아서 토닥토닥 한다는걸 

팍팍팍 세번 두들겼는데 어쩌죠...

​

100일도 안된 아가인데...

아무것도 모르고 제가 태어나게만든 존재인데

왜그랬을까 너무 죄스럽고 미안하고 심장이 쪼그라드는거같아요...

​

어제 아가가 좀 아파서 밤을샜는데

그래서 예민해서 그런건지

제가 이정도밖에 안되는 인간인건지...

​

사실 그렇게 세게 두드린것도 아닌데

그냥 제가 아가 칭얼거림도 못이겨내서

그런것에 너무 심장이 두근거려요",그냥 갓난아기한테 화낸 스스로가 창피해서 말 안할뿐이지 다들 그런 경험 있어요… 그게 지속적으로 가면 학대겠지만 한두번 그러고 만걸로는 아기 정서에 전혀 영향 안 줘요. 갓난아기한테 있는그대로 화내고 짜증내며 키우는건 우리 엄마나 할머니 세대에선 훨씬 더했을텐데 다들 잘만 컸잖아요? 엄마도 사람인데 아기한테 화풀이 아예 안하는 엄마가 어딨어요? 너무 자책마세요… 다만 스트레스가 오랜시간 지속적으로 쌓이는건 안좋으니까 할수있는선에서만 최선을 다하시는게 나을거같긴해요. 육아는 장기전이고 내가 쓸수있는 에너지는 정해져있으니까요.. 그리고 우는거 두려운건 누구나 그럴거예요.. 저도 말은 청산유수지만 애기가 울려고 숨만 쉭쉭 몰아쉬어도 심장 미친듯뛰는 초보엄마예요..ㅎㅎ
"오늘은 아기가 아침부터 지금까지 하루종일 울어요...

달래고 달래다 저도 엄마기 전에 사람인지라 폭발하고 소리질러버렸어요..너무너무 듣기싫고 노이로제 걸릴거같고 울화가 치밀어요. 제 자신이 정상이 아닌것 같아요

울다 지쳐 잠든 아기를 보면 미안해서 눈물이 나고 내가 엄마될 자격이 없는가보다..싶어요","아이고 어쩌면 좋아요ㅠㅠ 지금 너무 지치고 힘드신 것 같아요ㅠㅠ 현명한 대답을 드릴 수 있으면 너무너무 좋겠지만 저의 깜냥으론 그냥 한번 꼬옥 안아드리고 싶네요ㅠㅠ 글만 봐도 심성이 너무 고우신 분이신 게 느껴지는데 아이한테 화 내시고 나면 얼마나 자책하고 계실지도 눈에 선하네요ㅠㅠ
뻔하지만 병원에라도 꼭 한번 가보시길 바라요😭 저도 결혼 전에 우울증으로 정신과 치료 1년 반 정도 받았는데 약물의 힘을 빌어서라도 기분 좋게 생활하는 습관을 계속 유지하다보면 어느 순간 약물 없이도 기분 좋게 생활할 수 있게 되더라구요ㅠㅠ 아이고 참.. 힘내시라는 말도 드리기 어렵네요ㅠㅠ 너무 자책하면서 지내지 마시고 식사 잘 챙기시고 잠도 잘 주무시려 노력하시길... 언젠가 꼭 괜찮아지실 거예요ㅠㅠ"
"아닐거야...그냥 내가 예민하겟지...내가 성격이 별로구나

인내심이부족하구나 자책만하다가  미루고 미루다

오늘 또 아이에게 화를 내고 저에게 눈치보는 아이모습을 보면서

결심햇네요

아기..물론 예쁘죠...

근데 힘든게.너무너무 커서 행복한건 잠시고

문득문듣 세상에서 없어지고싶다 

아이를 낳기 전으로 돌아가고싶다

나만 없으면 우리가족은 행복해질까

이상한 생각만 가득차잇어요

스트에스와 우울을 폭식으로 달래고 몸도 많이 망가지고...

​

병원가면 이상한 눈으로 볼까봐 무서웟어요

약먹게되면 의존하게 될까봐

끊지.못하게될까봐 걱정햇어요

근데 이제 그런거 따질때가 아닌거같아요 ㅜㅜ

저내일 잘 다녀올수 잇겟죠...?

행복해지고 좋은 엄마가 되고싶어요ㅠㅠ
","유명한 정신과 원장님이 그러는데
우울증은 성격좋고 괜찮은 사람
(정상적인)이 걸리는 병 이라고했어요...
님이 이상 해서 걸린게 아니에요...
감기결리면 병원가듯...가셔서 치료 잘받고 오세요~"
"쿵쿵쿵쿵 이렇게 ㅠ 박았어요 

9갤된 애기 키우고있구요 오늘 너무 힘들고 지치는데 역대급으로 애가 안자고 안자니깐 짜증내고 울고 하루종일 ㅠㅠ 

​

그러다 울다지쳐 잠들었는데요 

애한테 짜증내는 나자신도 싫고 스트레스받아서 머리를 벽에 쿵쿵 박았는데요.. 저 이상하죠 ㅠㅠ 

제 생각엔 생리전이라 pms 같은데요 넘 심각한거같은데 괜찮나요….. ",그 마음 충분히 이해합니다..그래도 아가를 생각해서 조금 더 힘내보세요..저도 아가 앞에서 계속 울었는데 어느 새 정신차리고 보니 아가가 제 우는 눈을 지긋이 바라보더라구요ㅠ괜시리 죄책감 들고ㅠ힘내세요!
"괜찮았는데 백일 앞두고 마음이 또 요동쳐요

아기가 커가는 게 꼭 내 작았던 아기랑 

헤어지는 것 같고 이별하는 느낌이에요

그래서 자꾸만 슬퍼요

출산후엔 뱃 속에서 꼬물거리던 아기랑

헤어진 느낌이었는데 이젠 또 

세상에 나와서 꼬물거리던 갓난아기랑

헤어지는 느낌이 나서 너무 힘들어서

요즘 다시 우울감에 빠지고 마음이 슬퍼져요

혹시 저랑 같은 마음 드시는 분들 있나요?

최근에 마음이 괜찮아지길래 정신과 진료

예약도 취소했는데 

어제 오늘 또 슬퍼지고 자꾸 눈물나고

마음이 막 쓰리게 아파서 감당이 어렵네요

예쁘게 잘 커가는 그 때 그 때를

누리고 같이 잘 보내야 하는데

왜 자꾸 지나가는걸 연연하고 슬픈건지

진짜 내가 미쳤나봐요

진짜 그냥 즐겁고 싶어요...

눈 뜨자마자 울어버려서 글 써 봐요","완전저랑 똑같으세요..
임신중에 애기 품고 있어서 많이 행복했나봐요 ....
애기 빨리 보고싶었는데 낳자마자 뭔가 우울했어요.. 기쁘기도 한데..
임신기간 고생했으면서도 작아진 배를 보니 우울했어요 그냥 ㅠㅠ

제 눈엔 태어난 직 후도 넘 예뻤었는데
입원기간동안 그 태어난 직후 모습이 아쉬워서 사진 계속 돌려봤구요..
신생아 지나곤 신생아시절이 그리워서 아쉽고...
힘들어서 빨리 크길 바라면서도 하루하루가 아쉽고 우울하네요.. ㅠ 난중 어린이집은 어찌보낼까 싶고

하루하루가 아쉽고 우울의 연속이에요ㅠ
지나고나면 현재가 행복하단걸 아주 잘알고있는데 이 우울한 기분을 떨쳐버리기가 어렵네요... 넘 피곤합니다ㅠ
마냥행복만 하고싶은데 제가 왜이런지 모르겠어요"
"어린이집가면 쉰다고 누가그러나요

하루종일 집안일에 밥 이것저것 해줘도 안먹고

쉬어도 쉬는거같지도 않고 늦잠은 어차피 못자는거고

추석땐 또 멀리 시댁간다고 짐싸느라 오늘 하루 다 가겠네요

너무지치고 애낳은게 너무후회돼요 봐줄 어른도 없고 진짜 나만 개고생하고 몸은 항상 너무 아파서 질염에 다래끼에 감기달고살고 진짜 연년생인데 괜히 낳았어요 억울해요…","많이 힘드시죠... 티는 안내도 대부분 육아하시는 분들은 맘님처럼 생각 하고 지내실겁니다. 저역시도 맘님과 똑같은 생각과 마음이고요... 다시 무를수 없으니 그냥 이악물고 버티는 수밖에는 없는것 같아요!
우리 같이 힘내봐요!"
" 조리원 자리가없대서 아기만 오늘 보내고 저랑 남편은 집에 왔어요.

내일 입소하는데 아기없이 집에와서 출산 전처럼 자려니 기분이 너무 이상해요.

많이 기다린 간절한 아기인데 전신마취로 낳고 제 혈전이슈로 검사받으러 아긴 바로 니큐가있어서 아길 사진과 영상으로만봤어요. 

그러고 15분 어제 면회하며 실물보고 퇴원하는 오늘 첨 아기 만져봤거든요. 너무 예쁘다 생각하는데

문득 낯설고 내가 이아기 엄만가 싶고 그래요..절 안닮아서 그런가 진짜내가 낳은건가 싶고

사실 병실에 떨어져있는 동안 종종 잊고있기도하고

...그랬어요

뱃속있을땐 너무 귀엽고 말도 계속걸고 인지하고 있었는데 내가 낳은 아기를 잊고 먹고 놀고 자다니

그리고 둘만살던 이집에 곧 같이와서 산다니.. 너무 겁나요

삶이 크게변하는게요.

소심해서 변화도 싫어하고 적응 빠른편이 아닌게

출산에도 적용되나봐요 . 수술실들어가기전까지 아무 생각없었는데..

​

혼자 잘놀고 그래서 조리원도 남편없이 혼자있으면서 맘껏 게으르려고 했는데

갑자기 혼자 매일 울거같아서 남편 그냥 주말 같이 있으라고 했어요.

너무 울고싶은 기분이에요..

근데 또 스스로 아기를 기다리며 운 지난날 생각하면 우울감도 사치고 이해가 안가요.

아기는 소중하고 너무 예쁜데 전 너무 슬퍼서 혼란스럽네요
",호르몬 때문에 그래요. 조리원에서도 갑자기 이유없이 눈물나고 뭐가무섭고 두렵고 막 널뛰기하듯 그랬는데 산부인과 원장님이 호르몬때문에 당연한거랬어요. 전 얼른 추스리려고 노력많이했어요. 좋아지실거예요!!
"남편이 주말에도 자정까지 일해서 독박인데 넘 지쳐요

첫째 점심 안먹고 뻐팅기다가 늦은점심먹고

이 시간에 배고프대서 돈까스 튀기고

탄부분으로 제 첫끼때웠어요

그마저도 둘째가 울고불고 다리에 매달려서 먹는둥마는둥했네요..

오늘 마치고오면 시댁가기로해서 짐챙겨야하는데

남편은 아직도 짐 안챙겼냐고 하루종일뭐했냐고 잔소리하고..(남편은 빠릿해서 육아+집안일 잘하는편인데 저는 손이느려서 잘못하는편이에요..)

내 밥 챙겨먹을 정신도 없다가 겨우 한숟가락 뜨는데 저런소리들으니 스트레스 받아서 주저앉아 울고싶어요
[출처] 하 애둘 독박 현타 세게오네요 ( 맘스홀릭 베이비 (330만 엄마들의 임신, 육아 지식in 카페)) | 작성자 lliilllilillil",ㅠㅠ 낼 애들맡기고 혼자 맛난거 드세요!! 갑자기 저도 ㅋ 예전에 육아하다 밥때 놓쳤고 배는 고프고해서 밥통에서 그냥 맨밥먹었을때가 생각나네요 ㅎㅎ ㅠㅠ
"68일차아기가 잠투정하면서 우는데 이젠 화가나요

​

아기가 무슨 잘못이있겠냐하지만 저두사람인걸요

​

아침부터 집안일+육아하면 너무너무힘듭니다 

​

저녁엔 완전 넉다운이에요...

​

오늘 아기한테 왜우냐고 한숨쉬며 짜증냈는데

​

솔직히 미안하진않아여 저두힘든데어째요ㅋㅋㅋㅋ

​

그냥 낼부터 다시사이좋게 지내보면되져

​

아기도 나중에 자식을낳아보면 제맘을 이해하겠죠ㅋㅋㅋ
",맞습나덩 엄마도 힘들고 지치는 사람인걸요😭
"많이 지친거같아요

첫째8살 둘째3살인데

둘째 이쁜것도 모르겠고

그냥 너무 힘들고 지쳐요..

​

첫째는 초딩되어 신경써줄것도 많은데

둘째 따라다니느라 아무것도 못해주고 ..ㅜ

이래서 터울 적게낳아 한번에 키워야하는게 맞나봐요^^;

​

매일 아침 7시 눈뜨자마자 밥차려내야하는것도..

매일 놀이터 따라나가서 넘어지랴 떨어지랴 부딪히랴 쫓아다니는것도.. 

허리 부러져라 씻기고 닦이고 입히고

재울때마다 한시간씩 징징대는 잠투정 받아주는 것도

이제 너무 지쳐요...

다 내려놓고 사라지고 싶네요

그냥 없어지고 싶어요

​

하..

그래도 잠든 아이들보며 다시 힘내봅니다...

엄마들 다들 존경합니다..ㅜ","어떤 마음인지 공감이 되어서 힘내라는 말도 쉽게 나오지 않네요 ㅠㅠ 하루라도, 아님 반나절이라도 남편이나 가족들에게 아기를 맡기고 맘님의 시간을 가져보는건 힘드실까요? ㅠㅠ"
"매일 눈물이 자꾸 나요 

남편도 좋은사람이지만 틱틱거리는 사람이지만

항상 듣던 틱틱에도 너무 힘들고

아이는 책임감으로 키우지만 모성애가 안 생기는거같고..

아직 20대 초반인데, 결혼하고 계획적으로 가진 애기지만

갑자기 다 후회되요 아기는 너무 순하고 잘 울지도 않고

아기로 인해 힘든게없는데도 산후우울증이 오나요..

남편 옆에 잠들어있는데 눈물이 나고 

남편 한마디에 충격도 먹고 눈물도 나고 별 생각이 다 들어요

연애하면서도 결혼하고서도 알았던 성격이고

원래 자주 듣던 틱틱거림인데 말이죠..

밥먹으면서도 미치겠고

밥도 어제는 한끼도 안 먹다가 애기 보려면 먹어야할거같아

몇숟가락 먹었네요 오늘도 이제 한끼 겨우 먹고..

남편이 많이 바쁘고 힘들어해서 퇴근후 육아를 잠깐이나마 교대해주지만 그 마저도 눈치가 보이네요

혹여나 나보다 바깥일을 하는 남편이 더 힘들지도 모르는데

제가 이기적이게 구는걸까싶고..

저도 사회에서 일을 했던 사람이고 남편이 정말 힘든 직업이라서 더 눈치보이나봐요..ㅎㅎ","아기 순한거랑 상관없이두 올수있죠ㅠㅠ 갑자기 엄마가 되었잖아요. 내 삶이 다 바뀌고 모든걸 내가 아닌 아기에게 맞추게 되잖아요. 기분 환기할 수 있는 것도 틈틈이 하시구 좋아하는거 맛있는 음식도 잘 먹구 아가보다도 일단 엄마 몸, 마음 챙기기가 그 무엇보다 젤 중요해요~~!"
"결혼하고나서 사실 전 딩크였지만

신랑이 아가를 원해서 준비를 했지만 잘 안되어서

검사도 해봤지만 저나 신랑이나 둘다 이상무..

그래서 힘들게 다른거 하지말고 시험관 고민 하다가

그냥 안생기먄 둘이 살자고 내려놧는데 아가가 들어섰고 출산을 했고 곧 백일이네요..

양가 어른 도움 못 받는 상황이고

신랑 퇴근 밤 열시.. 목욕까지 늘 독박..

​

아가가 웃어주고 하고 예쁜데

사실 전 지금 행복? 하다는건 모르겠네요..

내 인생을 이렇게 송두리째 빼앗아간? 우리 아가가

가끔은 넘 밉기도 하고 육아가 넘 힘드네요..

진짜 뛰어내려서 죽고 싶다는 생각도 마니 드네요..

돌 지나면 좀 나으려나요..?",백일까지 몸도 회복 안되고 힘들고 아가도 수유텀 짧고 잠도 부족하고 마니 힘들때라 더 그러실수도 있어요ㅠㅠ 그런데 계속 남편분이 늦고 그러면 더 힘드실거같고 며칠이라도 칼퇴하셔서 맘님이 조금 쉸수잇게 하는 시간도 갖으시고 힘드시면 정부지원 아이돌봄 서비스도 이용해보세요. 저도 양가 지원 못받고 혼자 독박하다가 아이돌봄 하니까 돌봄 쌤이 애 봐주시니 몇시간이라도 잠좀 자고 혼자 나가서 차라고 한잔 마시고 아니면 쌤이랑 말동무도 되고하니까 좀 우울하고 힘든게 덜하더라구요! 힘내세용!!
"이제 아기는 백일을 앞두고 있어요

​

저는 남편은 좋지만 아이를 좋아하지 않더라구요

이렇게 좋아하지 않을거라고는 임신전에 생각치 못했어요

​

시간이 지나면 모성애도 생기고 하루하루 나아질거라 생각했는데 점점 더 아이와 함께하는 시간이 흑백같아요

​

그치만 남편은 좋아요

남편이 쉬는날에 아이를 봐주면 행복해요

아이를 이뻐해주는 남편의 모습이 좋은것 같아요

그 순간에도 아이가 이뻐보이진 않구요..

​

그치만 남편이 바쁜 교대근무라 제가 혼자 육아하는 시간이 많아 너무 힘드네요

그렇다고 아이를 열심히 돌보지 않는건 아닌데

많이 놀아주려고 하고 웃어주려하고 공부도 많이 하려고하는데 그저 이 모든게 저한텐 그저 '할 일'정도이네요.

그래서 인지 아이가 가만히 있어도 웃어도 아무 감정이 안들고 , 안잘때 울때 깰때는 스트레스가 최고조에 다르고 밤잠에 들면 제가 방전되어 펑펑 웁니다..

​

시간이 지나면 나아지겠죠..?",아직은 애기랑 상호작용이 되는 느낌이 없어서 그래요~~ 저도 아기 백일 넘어가니 넘 이뽀요😍
"출산하고 매일 반복 되는 하루..

언제쯤 이시간이 지나갈지..애기가 울면 왜케 화가나는지..달래다가 순간적으로 화가나서 애기를 막 대하게 되네요ㅠㅠ..

어제 아침부터 하루종일 우울하더니..결국 애기 운다고 애기 등을 마구 때리면서 그만 울어 하면서

진짜 죽고 싶었어요..

아직도 내인생에 나타난 이 아이가 받아들이기 너무 벅차네요ㅠㅠ

어제는 상담 받아야겠다는 생각을 했어요..

이렇게 하다가는 진짜 내가 잘못되든 아이를 잘못되게 할거 같아요..

그냥 혼자 있으니 한 없이 우울하고 이야기 할 상대도 없고 남편이 퇴근하기만을 기다리고 있네요..

​

언제쯤 마음이 좀 나아 질지..아기를 잘 키울수 있을지..

아무것도 못하는 사람이 된거 같아서 한 없이 우울해요..",시간지나보면 아 진짜 약이네 약이야..이 생각 들더라고요… 우리 힘내 보아요 진짜 힘내봐요 전 너무 화가나고 그러면 30초~1분 방에 혼자 있어요 그러고 생각 해요 안돼 안돼 후회 할 짓 하지말자 죄인이 되지말자 그러면 다시 괜찮아져서 달래주고 그래요 우리 엄청 나게 힘내봅시다!!
"작년 가을쯤 우울증 최고로 심할때 

애 어린이집 보내고 정신과 약도 먹어보고

친정엄마가 일마치고 오셔서 도와주시고,,

한동안 안정기였거든요.. 한번씩 욱하고 다 때려치우고싶어도

전보단 나아져서 괜찮아졌구나 했는데

요즘 아들내미 16개월이라 재접근기 시기인지 땡깡 최고조에

잠도 원래 드럽게 안잤지만 요즘들어 더 잠투정 심하고 안자서

사람돌아버리게 하네요,

​

하.. 진짜 육아 하기싫어요 

애때매 사람하나 병신만들고 미친년만들고..

한동안 참다참다 오늘 애앞에서 욕하고 소리지르고..

내인생에 도움안되는 ㅅㄲ 라고 소리질렀어요..

후.. 엄마될 자격이 없는 사람입니다..

그냥 애고 뭐고 다 필요없고 나부터 살고싶네요..ㅡㅡ",시간이 해결해줘요.. 두돌넘어서까진 힘들죠 세돌 지나서? 말이 통하면 좀 나아요~ 그래도 그때 잘 키워야 나중에 덜 힘들어요 마음잡으셔용ㅠㅠ 고생한 만큼 4-5살엔 엄청 귀여운 짓도 많이 해요! 화이팅
"24개월아들 첫째가있구여 8개월전 둘째셋째 여아쌍둥이를 낳았는데,, 아직도 산후우울증이 있을수있나요??

어제는 첫째 하원전에 갑자기 아기들 기저귀갈아주고있다가 눈물이 주르륵 흐르면서 가슴이 싸한게 너무 슬프더라구요,,

글을쓰는지금도 갑자기 먹먹하고 눈물이 시도때도없이나네요,,

분명 웃을일도많고 아기들보면서 아이돌봄서비스도이용하고 하는데,, 우울증이 확 밀려오네요,, 친정엄마는 니가 몸이편해서 그래~ 정말힘든 분들은 이런투정부리는거보면 같잖게 느낄수있다구,, 투정좀 그만부리라고하네요,,

어떤날은 아이들이 남편과 놀고하는걸 보고 분명 질투도 뭣도 아닌데!! ,,내가 없어도 잘 지내고 잘살겠다,,, 나는 이 세상에 별 쓸모가없는 사람같은 그런느낌,,,,

쌍둥이들가지고나서 8개월이 흐른지금 살이빠지기는커녕 몸무게가90이 넘고,,맞는옷이 정말 거의없고,, 거울로 보는 제모습이 문득 소름끼치게 놀랍고,, 나이는 28인데 막 그냥 너무 아줌마같고,,아줌마는 맞죠 ㅋㅋ 애가 셋인데,,,

친구들하고도 할말은 많은데  결혼하고 정신없이 애키우는 저를 어느새부터은근히 빼고 다들 만나네요,,,

서운하게생각하는것도 많아진제가 너무예민해서 싫고,,,

분명 애기들이너무좋아서 선택했고 낳았고 키우면서 행복을 느끼고있는데 ,,,

왜 제 자신은 점점 사라져가고있는거에 미련을느끼는지, 욕심은 왜이렇게많은지,, 별별 걱정이 드네요,","그럼요 ㅠㅠ...있죠! 아이들 학교들어갈때까지도 영향있는 사람이 있다더라구요. 주변에서 잘해주면 좋은데 '어떻게'잘 해야하는지 모르는것도 이해는 되지만 답답하구요. 지금 당장 바뀌는거 없어요. 오늘 같은 하루가 모여서 내일이 되는걸요. 오늘 하루도 잘 버텼고, 잘 지냈고 내일은 덜 울면 좋겠어요. 또 울어서 풀리는 마음이면 차라리 울면 좋겠구요! 생각해보면 내 마음만 아플 뿐 누구한테 피해주는건 아니잖아요. 나름 잘 이겨내고 있는 거라고 생각해요!"
"용기가없어서 죽지도 못하고..

새벽수유 끊는중인데 토닥토닥 연장하다가 결국 울어서 거실에 자던 남편 소환하고..

남편이 토닥토닥 재우는데 잠 다깨서 머리 쥐어뜯고있는데 건너가서 자라는데 다깼다고하고 스트레스 때문인지 온몸 근지러워서 긁고있으니 찬물 수건으로 문질러 줄까 하는데도 됐다고하니.... 성격 참 이상하데요

빡쳐서 눈뜨고 앉아있는데 남편 코고는 소리 들으니 미치겠더라구요.

미친듯이 짐챙겨서 나왔는데.. 갈데는 없고..

친정에는 엄마 걱정할까 못가고 시댁까지는 멀어 갈 힘도 없고..

지하주차장 차 안에서 쪽잠자고 8시간 버티다3시 입실되는 호텔 왔는데 홈캠에서는 애기 우는소리가..

호텔에서 집으로 왔다갔다 하다가 저녁시간되서 재우고 다시 나왔어요.

신랑도 애쓰는건 알겠는데 뭐 그렇다고 해결책 있는것도 아니구요. 출근하고 일하는 시간 독박에 퇴근하면 애기 잘시간이고..

애기 너무 강성으로 울어서 집에가서 재우고 다시 짐 가지러 호텔와서 잠깐 망때리다가 집에 가려는데..

돈아까우니 씻고 멍때리다가 가겠다고 했는데 , 너무 가기 싫어요 

애기랑 분리불안 제가 생긴거 같은데 , ㅠ 막상 들어가려니 미치겠어요. 

산후우울증 게시판 보다보면 아직도 멀은거 같은데 ㅠ 너무 힘들어요 ㅠ 아가 130일밖에 안된...

너무 힘들어요 ㅠ 끝도없을 육아에 죽고만 싶어요. ","저희 신랑도 많이 도와줄려고 하긴 하는데 막상 내가 시켜야지만 할때는 울컥울컥해요ㅠ 분유타서 갖다주고 먹이라면 잘 맥이는데 젖병은 바닥에 데굴데굴, 기저귀도 갈고나면 싸서 휴지통에 버린적이 없어요 ㅋㅋ 그래도 뭐라하면 그나마 하는것두 안할까봐 잘한다잘한다 해주고 있어요.."
"21년 5월 20일 첫째

22년 5월 3일 둘째를 낳았어요.

​

둘째는 어리니까 첫째를 먼저 생각해주고 챙겨주자

라는 생각으로 항상 이건 누나꺼야~ 하며 물건다툼이

생겨도 늘 첫째편을 들어주고 애정표현하고

잘 얘기해줬었어요.

​

그런데 이제 첫째 22개월 둘째 11개월인데

둘째도 어느정도 알기시작하고 나니까 

어떻게 육아해야하는지 가늠도 잘 안가지고..

최근에 급격하게 물건도 던지고 동생을 밀어서

다치게하는 첫째가 많이 미워졌어요..

​

오늘은 둘째가 아기계단에서 장난치고 있는데

옆으로 밀어버려서 깜짝놀라서 소리지르고 허벅지를

때려버렸는데 첫째도 아프고 놀랐는지 서럽게 우는데

죄책감에 다 내려놓고싶고 복잡해요..

​

남편이 평일에 00시에 오다보니 두아이 보는게

갈수록 난이도가 올라가네요ㅠㅠ 

친정도 시댁도없고 타지와서 사는게 서럽고

첫째에게 사랑으로 잘 키울게 다짐해놓고

이런 제가 너무 밉고 깜냥이 안되는데 낳아서

애들한테 참 미안하네요...ㅠㅠ",첫째는 첫째대로 상처고 둘째는 둘째대로 아프고ㅜㅜ 그런데 둘다 친구처럼 의지하면서 큽니다 어린이집 보내니까 첫째가 지도 기저귀하고서는 지동생이라고 동생반에 보러가더라구요 지켜준다고.. 조금만 더 힘내세요 생각보다 우리아이들은 강해요~!!
"100일지나가는데 

아기 키우면서 

이렇게 안아주니까 잘자네

이렇게 수유 자세 바꾸니까 잘먹네

한쪽으로만 재워서 사경 사두가 생겼두나 

​

새롭게 알아간 것으로 나아졌을 때 

또는 그동안 잘못된 방법으로 아이가 잘못되었을 때

​

그동안 왜 못 했지

그렇게 해왔으면 어땠을까 

​

​

자책감 후회 자신감하락 부터 들어 마음이 푹 꺼집니다 

​

이런 순간에 어떤 마음을 들어야 하면 좋을 까요

긍정적인 생각이 떠오르지 않아요 ㅠㅠ",처음이라 당연히 모르죠~ 이렇게 배워가는구나 ~ 하면되지않을까요? 배우는 중이니 시행착오도 당연히 있지요. 지금이라서 알아서 다행이야 라고 생각해보세요!! 충분히 잘하고 있습니다.